variance,skewness,curtosis,entropy,class
1.9508962102988,2.3961237325445217,0.6906537053466643,1.7534610132600656,0
1.5324249858507415,2.6154472511956874,0.29128092998993316,1.7198389417971676,0
1.6071873649038808,2.480156462105916,0.43740183326091336,1.5418162150709283,0
1.1976063204758354,3.062978701232259,1.1341997351515276,1.0427698357533102,0
2.1456414702361895,2.7576454925453247,0.2758663047398038,2.026436811815255,0
2.6455314377232177,1.2819755018291739,1.0777245541429323,2.7880895657789444,0
1.6516758728600993,2.550636293957436,0.8491712694860541,2.192287605958367,0
2.767394484861796,2.1119773472546566,0.44702413225375087,2.5583454094938918,0
2.502689550344758,1.6950018459476297,0.8997323229842834,2.9040957103930745,0
1.8139016648921684,2.335743072272942,1.0298431282123286,2.460828547593747,0
1.9369858345889863,1.8736702442893098,0.30148516830301264,2.4068975451992025,1
1.4604150034506727,1.935777767625856,0.32734763437236913,2.185268962833104,1
1.701667135142305,1.5648821185323982,1.7148127750822113,2.5461563373671123,0
1.4203127949100522,0.7533648535423236,1.5939859320329095,2.5450479802109864,1
1.2024772175077736,1.880565787148727,1.7658339666476086,2.7090534168209603,0
1.9671400855169374,2.146478880352638,0.05194146769973345,1.681417798111867,1
1.291512684184593,1.3928639294009053,1.0955887379271032,2.6152315548730045,1
1.2640091074554178,1.4532445896724848,1.045027684428874,2.58420326768269,1
0.8547631354324996,0.12296455962604705,2.820835820355978,2.4013586160091807,1
1.3057402345848583,1.353431904517434,1.334346260897061,2.5779216249344388,1
2.144463392814511,2.775640596622318,0.29871080642744063,1.6492811537654264,0
2.058055945001435,1.78839893708132,1.2861129646797993,2.7001894161625595,0
1.4370981326354606,1.2381012705785825,1.273120831018584,2.8715877092675193,1
2.3960508883478653,2.7551802466525794,0.22391130356750655,2.085911028285735,0
0.5584766638804779,2.051346589573668,0.8056868687914179,2.171231676582579,1
2.4849051123444266,2.3584185707260166,0.4426122201979632,2.423151260102919,0
2.3299426207237026,2.3818324520068703,0.7319362100551757,2.028636386583856,0
1.3721656768994728,0.8470084692652883,1.5036500026697721,2.597869197154101,1
2.8660131582572657,2.8670690638619463,0.0657456097147747,1.1982826284839978,0
2.7684139749382486,2.6206278403905863,0.27540616667263573,1.9935574539105854,0
1.4842166984355751,1.9791398946571814,0.22228728685985463,1.5562134317381338,1
1.9556764859906086,1.913590554591151,1.1539180046769344,2.4944434775801243,0
1.9256808224078839,1.6301885068292885,1.2808890442701857,2.6107981262485,0
0.15274226878756164,2.594260427798618,0.772869551171542,1.5218486467170065,1
0.70723159370236,2.1252801475551206,0.6833483368567435,1.8376733044007834,1
2.454841482756605,2.5912949870870556,0.370600612686165,1.9071170220951814,0
1.9557217966606735,1.903741480420619,0.2933786182373168,2.408377259134443,1
1.6924441482506682,1.527176956713893,0.5701651991114567,2.533595908461219,1
1.399807451172345,1.870716712978195,0.39425712272762775,2.130588105403809,1
1.9658034207500332,2.0316365318321563,1.1045208298191889,2.466738547903823,0
1.9374842519596962,1.6449748611435657,1.5589613050378834,2.3551846854122145,0
1.4214319684606462,2.052335069810856,0.24977376963686315,1.462745787025641,1
1.5722258784354326,1.8569137178589128,0.4153693399271025,2.27983068174868,1
2.100398766176747,2.787466631267225,0.2941906265911428,1.6659065111073181,0
1.0086608263067072,1.593715967957156,0.8418659009961333,2.564624195651534,1
1.1787570817289872,0.5579315921899329,1.9661022936462158,2.4120708307913277,1
1.2742946295600683,1.3719152940127974,0.9208310067111943,2.6189251265298887,1
2.4071520025136772,1.1880817886968005,1.180822548133701,2.4061605448221908,0
2.131844371201537,0.8258097364677711,1.8550060173702623,2.3138126836282584,0
1.8890244903256712,2.150670989310349,0.059601413170825,1.6130881507548125,1
2.4855847723953945,1.2930631536463024,1.0148751075568034,2.5299023368043354,0
2.7875350777054835,2.1146926905568106,0.504649658430266,2.7304721332040365,0
1.5970255182731719,2.6366459839932044,0.7841172202192879,1.3519386373191133,0
2.4240302271127185,2.5072622575256616,0.40829133377625293,2.11507681839926,0
1.5682340084027468,2.4589577293083984,0.8398940740435926,2.250650608682112,0
1.655486500212527,1.9269052642920637,0.33082573682125704,2.270595324311165,1
1.0828797038724223,3.0834390512019976,0.7544315481506674,0.22569922398331424,0
2.5688884393090494,2.547432665236912,0.3922947692058817,2.1671696047371887,0
2.5887571681323505,1.0591863476476278,1.1709566466347157,2.433494117719378,0
2.2449851143526915,2.8313289531173687,0.2816586309970956,1.5536139342843327,0
1.1623319638305918,0.906638837308641,1.4740793651179436,2.5805096960258056,1
2.1701092320710402,1.9498189507540986,0.9987567417333584,2.499245406393135,0
1.6573306444841536,2.2211508211618693,0.04962724389132946,0.7793921816429246,1
2.327042737839572,2.561974043183973,0.6642147133460913,1.7161539399121089,0
1.1869356576756365,3.055344775545063,0.9922606749027508,0.9356476879318409,0
2.5365592762180014,2.5067739721072924,0.3802229116790025,2.0962518862887674,0
2.3622491284797187,2.02942138334882,0.8385028330640375,2.513651192832166,0
2.0078517225699257,2.4449165461801554,0.7167450630374919,2.554651837837007,0
1.2543352793966387,1.6486714199486336,1.6448853223452327,2.297190182876975,0
1.6622898973227174,2.222139301399057,0.018554390884923055,0.6615578190393082,1
1.1969266604248676,0.8706605385551023,1.8626659628413533,2.5332274082727135,1
2.1393206317621862,2.7549301492431706,0.26114188659042653,1.484170216589935,0
1.2789616285767156,0.48867842858456106,1.9963631382987965,2.3422557563178152,1
2.894762778413216,2.269205251969724,0.409563480197247,2.4634140477535666,0
1.7640304758856336,1.1910353200079153,0.9337013391193358,2.8918980684944695,1
1.713105813800098,1.2516541682884557,1.1335095280507752,2.1605251749816494,0
2.5640628529471763,1.3243610580237604,1.004670869243724,2.7116386313217182,0
1.4496786401788802,1.9350274753976293,0.3168050592451956,2.1483275330830445,1
1.1523862717514255,1.6649365645165444,0.8841958964810802,2.3359769701601727,1
1.6506767725851759,1.8157548299104753,0.523325850568263,2.274660252747164,1
1.5003382348445382,1.9867857297448255,0.4736986066769335,1.8114498026140877,1
2.001825403451342,1.5072179925030171,0.9245391781936663,2.367373757538993,0
1.717605163337507,2.1040933241580517,0.06353965368688082,1.201596273589942,1
2.0958903545053253,2.52821089291377,0.5356142436561623,1.4985959991632265,0
2.105541527229072,1.02788844327017,1.296195401739805,2.085168314727506,0
2.511729029022634,2.9710619485742606,0.12557709191918365,1.0878182696504988,0
2.2424703721641097,2.4641383185032972,0.6079750147601058,2.580138339246691,0
1.0083663069512876,1.6277244518765883,0.8885942750643041,2.7393561299966973,1
1.7982037832483093,2.2088245916981446,0.05995328345748293,0.8447795406731491,1
2.011657818855347,2.3702446053709236,0.829110603104784,2.599717411277847,0
2.386445026294183,2.6610364361107974,0.3049768042244642,2.2728120386234174,0
2.2825250045011622,1.913590554591151,1.0014228358284203,2.542091408931114,0
1.6732097688082712,1.6550791537656988,0.6765071664757598,2.4837312627979777,1
1.6494986951634978,1.8889500050641495,0.26172382591066845,2.2517561092476295,1
2.0331350764659386,2.3598953363815744,0.7506056354568907,1.8554127320800187,0
0.7821980973241401,0.8576078356640467,2.1398044140021515,2.3950769732609296,1
0.6568234732555601,1.9707675861422067,0.8077737302607507,2.2362419656524724,1
1.6576025085045407,2.738173622812774,0.2706423843301901,1.0579097659787444,0
2.138051933000379,2.772675155910755,0.2852585346990573,1.5824369335248296,0
2.1692936400098786,1.9872740151631951,0.6041477487190727,2.4068975451992025,0
0.6013858684315965,0.7200899886904907,2.3347405528106346,2.026436811815255,1
2.6284266597738544,1.3519551388618767,1.0728525040199766,2.90372435361396,0
1.6850335881616127,2.460446404364404,0.8586853006983816,2.2488023945583655,0
2.3831146920444395,1.6220555772633196,1.0577897490565051,3.141592653589793,0
0.06558719491842036,2.690369289414328,0.7070044408940294,1.3777907823266946,1
2.7742137407065095,2.058504139242942,0.5457102141887317,2.7312148467622657,0
2.3948728109261874,1.7255601765572641,0.9793903424946095,2.9953352144308805,0
1.7412573331111962,2.0885634659738033,0.10993239763547033,1.2854372079515453,1
0.8043550149857,0.19049086016645264,2.6600040324081844,2.2657933954981546,1
0.8732725441538639,0.7380850927674842,2.3215183501158356,2.2765056102803016,1
1.11210508606405,1.8270925791370125,0.7039894538762737,1.943310025105795,1
1.7970257058266312,1.9098986404522575,0.2952327039785527,2.4080059023553284,1
2.0695875105328603,2.6295003437243785,0.7184844796656951,1.5070800732706866,0
0.9421900733220281,1.8512448432456443,0.8087007731313685,2.3093821115943625,1
1.4732990924835245,1.0249349119590552,1.180930815914211,2.4567653331121138,1
0.7909204013115639,1.8660363186021143,0.7406328195246517,1.7446055823734912,1
2.650289058079995,2.550148008539066,0.38730091782985204,2.0881106030543357,0
0.9662953497963631,0.9618508177857699,1.5162902660443296,2.5494814088354905,1
0.7503673516038013,0.0953704787879307,2.472267701003624,1.6751618646790931,1
2.6811909350640106,1.8435990081580005,0.7083959525430357,2.8682454982554892,0
0.9522037314062911,0.8507003834041816,2.1343639580315177,2.3215711837211415,1
2.0703124812538927,1.9352775728070382,0.9776580580064475,2.430169617569121,0
1.9535921951676398,1.743797041463353,0.40225540501281337,2.677288129253634,1
2.193852023184859,2.5437407510980186,0.6767385888566002,1.9654771682283176,0
1.8802342203331508,2.220650626343052,0.0,0.7638808946383756,1
1.682070270339392,2.4515739010306117,0.9607276838291763,2.2669017526542805,0
0.6983960130397749,2.1201114677606703,0.6668821607884095,1.3290287806383618,1
1.341943459966425,2.0375555038548336,0.5333000198477584,1.8827503042040579,1
1.9565373887218347,2.2006904711921313,0.9015864087255194,2.4652611192410694,0
1.208820711316809,2.0343518751343104,0.406437248035017,1.8140493000678888,1
0.19071261030164532,2.6741010484023007,0.7166290947110929,1.3840752816655542,1
1.179731261135375,2.9543054221438636,1.1466099294925007,1.0453407673010255,0
1.5574976451309543,2.5486712428835085,0.8786201057848088,1.406613781567191,0
2.4768171577379063,1.3839914260671131,1.0713502885653985,2.7574383485489613,0
2.4657613542421584,2.8337941990101134,0.13752714819298895,1.037599406751794,0
2.3062677956149806,1.1508649122966652,1.333886122829893,2.7245675604161175,0
1.1014797339339157,2.042724183649285,0.5495266534517137,1.681417798111867,1
2.503935593771533,2.9094546200565325,0.15526953072408603,0.9951219044023205,0
1.8074290356734493,2.6985034099203418,0.4876110164724848,1.967705308903004,0
1.1743846020677593,2.5794689524421486,0.49015530931447276,1.9167151665399849,0
2.241564158762819,2.732504748199505,0.22194895004576048,2.0977373134052253,0
2.384270114131085,1.144457654855618,1.1891727007055442,2.4194574027869744,0
0.4162238152128569,2.5047970116329172,0.7249782458059669,0.3564453761376782,1
1.9900672845695935,1.06757056556305,1.8270593965260855,1.8517277301949604,0
1.7309423590710038,2.0572655615963455,0.1768283525181651,1.9322264535445335,1
2.0925373649205494,2.182207081696768,0.04196729842023804,1.663335579559603,1
1.8735962071686958,2.120349655769631,0.08696609469475954,1.32422970841596,1
1.7059625866644235,2.06514958469295,0.12151705015005385,1.3530527076564565,1
1.601078127259079,2.0451894295420296,0.11549465485917812,1.22339205993335,1
2.296548656886137,2.680270117834387,0.32282745453607137,2.165689890801948,0
1.8363961470457093,2.0804293454677896,0.15248163537595025,1.8882920899846884,1
1.5029685192417848,1.7048592566984753,0.6440376591007727,2.6300058415005414,1
0.7843276988171735,0.10030097057342077,2.4988203741737323,1.7083840134567916,1
2.6912045931482735,2.8328057187729256,0.13021907300855534,1.2056526322541148,0
1.824615372828929,1.7477402439517,0.3972750871093475,2.563887195274522,1
2.607697028219328,1.9131022691727815,0.8449975465473887,2.6791334867867715,0
1.7314566351762366,1.8704666155687861,0.270304047516096,2.349274399443078,1
1.6431778566894948,2.764052749986372,0.7025979422272672,1.9108305898863256,0
2.0119070275407016,2.3623605822743188,0.7894521151039244,2.58826533952808,0
2.0351514012838106,1.6954948951261788,1.3443204301765563,2.7526392763265597,0
0.9097476335558179,1.6328993245592722,0.8082379283696879,2.4261064030874873,1
0.7220028721433998,2.0597308074890903,0.6634040583395217,1.3389982818622799,1
1.20993082273339,1.6390602955990536,0.5809554367865473,2.290174396342321,1
1.299396740775823,1.6703577236004936,0.8185585545468156,2.949144144290263,1
1.7551088049499257,1.6607468374389225,0.4736986066769335,2.5450479802109864,1
2.3363314252028027,2.4658651815682635,0.5738869040664922,2.5088492640191555,0
0.8268517626727436,2.040020749747579,0.6179464773450885,1.435408214901602,1
2.01528267246051,2.372221565845299,0.8531095100021099,1.8590977339650774,0
2.534565606735162,2.504558823623956,0.4561862931794204,2.195981177615251,0
2.265352260546702,1.0931995953272395,1.5147880505897515,2.6052563404678697,0
1.5132200583438864,2.6275233832500033,0.4553742848255944,1.4897120023705657,0
2.47894675923094,1.846802636878524,0.932077322411684,2.7182887742584754,0
2.1842008504611123,2.0592425220707207,0.8185585545468156,2.6735945575967497,0
1.2169313212583615,1.391387163745348,0.92976309860328,2.645151484907193,1
2.0882101959293857,1.5439346740843347,1.4058977303416913,2.247694037402239,0
2.0620432839671143,1.5220023222192183,1.4207439497441425,2.358138400101478,0
1.238997617579792,1.7669620162748418,0.6189912614270112,2.2022599637728932,1
0.844953375363527,1.6523685742237244,0.7902641234577504,2.3574013997244667,1
1.6714539803432706,2.454527432341726,0.8097455572132914,2.2827843964379437,0
2.5577646698082055,2.556793453989074,0.3405698370671685,2.1343016731949533,0
1.5486960474709177,2.738423720222183,0.21405893554108496,0.4964468818638171,0
1.1440717637945823,3.0282389801253164,1.0745983219807025,0.9533871156110763,0
0.8528147766197245,1.854936757384538,0.7398208111708258,1.7582600854824677,1
1.883270035227475,2.5972139591097334,0.688798266258172,1.816620231615604,0
1.1788477030691162,0.8898823108782442,1.4801152938813833,2.4977656924578944,1
2.2119309805406098,2.479906364696507,0.635805247740234,2.561301980773764,0
0.9231822472299538,0.057903504978386595,2.5387170512917145,1.6914158652418707,1
1.3925509473615092,1.8818043647953235,0.3952992001150376,2.0777697450513033,1
2.205225001371058,2.9284262949702655,0.26878829858895426,1.2167362038153762,0
2.1761808618596885,2.4473817920729006,0.6315137835902638,2.5520666233362492,0
1.04941777402976,2.0860982200810585,0.6609680332780439,2.071856602491558,1
2.0725100487520227,2.5459558995813545,0.6507637949649644,1.9145155917713843,0
1.8074902050780364,2.66942065402622,0.4941070833030924,2.069285670943843,0
0.08860501531120636,2.4493468431468273,0.8082379283696879,0.2740898688925325,1
1.0434141102462084,2.0693416936506615,0.5236777208549208,1.6149449346503846,1
1.54694252453942,1.5589679102699,0.7284570249284829,2.783661850335657,1
1.7314566351762366,1.759322135887422,0.4159512792473445,2.4696936908883913,1
1.3391115430873917,1.8670128894388538,1.7349911826747861,2.733814344216067,0
1.2538821726959932,1.8692399473226378,1.682576043435321,2.6964958445056757,0
1.0126255099373542,1.5264373829460696,1.0817845959120622,2.394339972883918,1
0.8277579760740343,0.6619363863026952,2.1136036111187004,2.7223508461038652,1
1.0590462914184746,1.588293617933162,0.9443792489721471,2.3189859692203836,1
2.509078354823858,1.6678936686477936,0.8359517734857675,2.779605491671484,0
1.0661600666186073,3.0647055642972254,1.1326975196969493,0.886885686243508,0
1.3662299791210184,1.6176205165364685,0.5927836918072785,2.4427286181797103,1
0.10530199722998898,2.450335323384015,0.8310810767100683,0.28960115589708135,1
0.11749056747734998,2.7837628077278835,0.681028699659314,0.452483952397886,1
1.609576596536384,1.98925097563757,0.2354012217741438,1.6781041530059229,1
1.5189971687771153,1.562911112758247,1.752855366458957,2.6484765563755714,0
2.6531662856290925,1.7962829601779242,0.7228909783324573,2.987193931196449,0
1.7246826900015877,1.6373352189441548,0.8834921559077643,2.2813075390933117,0
2.231663777353717,2.986591806758509,0.26345611039883043,1.1794291304674192,0
1.790704867352628,1.961406797390045,1.2960871339592948,2.598237697342607,0
2.016619337227414,2.0222757430799945,0.6937853508979198,2.3670052573504874,0
2.5511946226488473,2.4520621864489818,0.5421103104867699,2.6591887711577185,0
2.4055887843964507,2.8044732551070313,0.1768283525181651,1.4524049290226086,0
1.713105813800098,1.2516541682884557,1.1335095280507752,2.1605251749816494,0
2.0213089915790934,1.9345391899792594,1.0527958976804757,2.5494814088354905,0
0.19911773959861745,2.6775547745322337,0.6861321721631101,1.4036429273342759,1
1.2212811455845574,0.6281732360324924,1.9485899801487028,2.7954881354551473,1
1.2401530396664378,0.7775052082505075,1.6023360846047532,2.405420687854571,1
0.43568474800557666,2.432102031298061,0.7086279162627787,0.5792023117941627,1
1.4572704429481935,1.16367942717876,0.965369664918548,2.613751840937764,1
2.1731903576354292,1.0505639417232444,1.577867566209464,2.3230480410657735,0
1.4981293396788917,1.6227951510311431,0.7213834848235794,2.397293687573182,1
2.7033931633956345,1.2403283284623667,1.178264721819149,2.7533819898847884,0
1.0910809351541038,3.1337086304931883,1.1137912585253684,1.434694067249459,0
0.6037193679399202,0.9832877385922478,2.1958194569435783,2.3252647553780257,1
0.8011153020760854,0.14367500700519434,2.7671485346955187,2.227009464805566,1
0.3626439478615394,2.502093577731211,0.7301958054834754,0.2810885158835353,1
1.4325919864975423,0.9596237599019859,1.2336978254403341,2.7341857009951815,1
1.9326133549277584,2.0722952249617763,1.163080165602604,2.5816180531819315,0
1.6806792327684104,1.542210192899458,0.8216888467508147,2.654755342533214,1
2.5673025658567914,2.7337433258461017,0.09194641259822543,1.2060239890332294,0
1.203949814284871,0.8255715484588103,1.9265574868148925,2.636284627658184,1
0.9818369096284999,0.8272865021233285,1.7349911826747861,2.6104296260599944,1
1.622158236846555,1.686868916381661,0.5824630656301506,2.564255695463028,1
1.1273747818757998,1.7654852506192846,0.652735621917505,2.128388530635208,1
2.1435798347482526,2.410415013082174,0.6129607460525972,2.507001049895409,0
2.4568351522394445,1.179447473371969,1.2626865236719207,2.7142267024130846,0
1.771681182526031,2.431363648470282,0.5607729691522031,2.139843458975584,0
1.2029756348784835,0.5347678083184888,1.7600416403903167,1.9514513083402265,1
2.4909540867980424,1.3598510713589294,1.0373812724303464,2.579769839058185,0
1.0389963199149161,1.611213259095421,0.905416381461065,2.310858968938995,1
1.419920857613994,1.4167780055005765,1.040507504592576,2.765208275004279,1
0.7613098784243876,2.0242407941539216,0.621542321005281,1.4705157134809586,1
1.5677809017021016,2.689130711767732,0.8433735298397368,1.2344756314946115,0
2.2356737716544286,2.7598606410286606,0.2683281605217862,2.1416716769650703,0
2.4105956134385824,2.4895172508580776,0.5389840783245401,2.5025676212709045,0
2.083090090212093,0.9059004544808623,1.8093170139949883,2.343732613662447,0
2.9405492105134328,2.374674902337596,0.36480828642887314,2.3374538275048047,0
2.3103457559207894,1.9845705812614889,0.796178250968116,2.6698981293492565,0
1.1795500184551169,0.835670720038751,1.3999836028313255,2.2846326105616903,1
1.3008919928879528,2.8631270523136445,0.3157494483852219,0.7668231829652054,0
2.13725899627425,2.1829454645245465,0.04023501393207596,1.6138308643130415,1
2.5064956466301793,1.379311031691032,1.0489659249449297,2.7677792065519937,0
2.4812802587392633,2.36259877028328,0.3833626773137962,2.246954180434619,0
2.15862297720968,1.5217557976299436,1.4381344619885814,2.3976650443522964,0
0.26486352186226375,2.733004943018323,0.6782462177002038,0.7158616065082717,1
1.235712594000113,0.8534157267063355,1.5006320382880525,2.532119051116587,1
1.90438480747755,1.0715125771113527,1.854667680556168,1.9038033769892373,0
1.6521289795607446,2.7509881376948684,0.21637315934948895,0.6552733197004488,0
2.666668865308326,1.8911651535474856,0.677086399101489,2.8882130666094112,0
1.0090912776723202,2.1006395980281196,0.6702452287205054,2.0763128838409313,1
1.5951201819416228,1.6568036349505755,0.688798266258172,2.4442061611060883,1
2.3727612039346924,2.386262748973542,0.45131424305646467,2.338562184660931,0
1.4838542130750587,1.7467541455946018,0.4950273594374285,2.279462181560174,1
2.416531311217037,1.8142780642549179,0.8981083062766315,2.992735716977079,0
0.6713908536813096,1.9885125928097915,0.8331692915266573,2.2550811807160076,1
1.5115571567525181,0.9788455322251277,1.3616026746404855,2.883785351166124,1
1.0828343932023576,1.6284634301743894,1.0960488759942715,2.5808781962143117,1
1.9211497554014296,1.71989249288404,0.4411100047433852,2.7352712054264385,1
2.379874979134825,1.1104444071760062,1.1948432257097625,2.485945120519621,0
1.532429516917748,2.6154472511956874,0.29128092998993316,1.7198389417971676,0
2.2259319775905526,2.947898164702816,0.2340072741000759,1.1838568459107066,0
1.280842021384394,3.1292783335265164,0.8089335488594653,0.2855162313268226,0
2.223960963442745,2.456992678234471,0.5709772074652826,2.4634140477535666,0
0.623791994778511,0.7038217476784636,2.31758010959978,1.8997470183250642,1
2.8094201313466565,2.087574985736616,0.48065481157470913,2.750068344778844,0
1.7669937937078548,2.001077010282477,1.1100830870428966,2.422412545771542,0
0.7516360503656084,1.8670128894388538,0.7105992018764168,1.7250093707986838,1
2.6488617719729617,2.5494096257112875,0.4524781216969485,2.334868613004047,0
1.0930746046369435,1.8150164470826966,0.6170194344744705,2.1069641010709144,1
2.7115037733371867,2.294834281733914,0.3801146438984924,2.297190182876975,0
1.7290370453947899,2.524757166783838,0.8825718797734283,1.5964627934129203,0
1.049077944004276,0.5522627175766645,1.9800147034417677,2.255452537495122,1
2.256108883853536,2.9301531580352322,0.2628741710785885,1.2643841351663658,0
1.8732110664731474,1.7470006701838763,1.4944878417441025,2.408745759322949,0
2.711163943311703,1.7223565478367406,0.8200661833904191,2.787375418126801,0
1.0326528261058805,3.088607730996448,1.0970909533816813,1.372991710104293,0
2.487623752548299,1.7509438726722237,0.8216888467508147,2.635176270502058,0
0.8296610242167449,1.5560108061386506,1.0581280858705993,2.646996842440331,1
0.622772504702059,2.0382938866826126,0.8199497955263708,2.1568258901435478,1
1.8994232891054834,1.11364803589653,1.8102508236018882,1.9462808793387105,0
1.232268983075208,1.5939624925464304,0.9346351487262358,2.987565287975563,1
2.1638110489320694,2.455015717760096,0.7114109395607915,2.5701659814321647,0
1.556226680835644,1.4995721574153735,0.9023984170793453,2.651430271064836,1
1.0131465826430965,0.8250713536399924,1.9333918904595941,3.051838576668444,1
2.71372399617035,2.5459558995813545,0.39831716449675747,2.1981978919275034,0
1.7246826900015877,1.6373401017983384,0.8834921559077643,2.2813018259120947,0
1.1609499883936234,3.0324310890830275,1.0598739038313252,1.5059660029333433,0
2.3987242178816732,2.756418824299176,0.16930374177271124,1.3116892756443264,0
2.0875078805433858,1.552314128239578,1.4552949051994366,2.2351364650869545,0
1.9460706239369263,2.7337433258461017,0.4944454201171865,1.9455381657804816,0
2.069157059167247,1.7526683538571002,1.331328296515341,2.794374065117804,0
0.8282337381097119,0.09339351831355566,2.482120069030046,1.6648210066760607,1
1.114891692273019,1.6336386601390864,0.9791602734610253,2.828367493359817,1
1.2289386488254646,1.7704157424047746,0.6673463588973468,2.270595324311165,1
2.105745425244362,2.8268986561506964,0.2857186727662253,1.5864932921890023,0
2.928949678976911,2.3399351812306537,0.33419557148963475,2.3559245423798347,0
1.4082760154074072,1.9929428897764638,0.541298302132944,2.02346595758234,1
1.1408093955499354,0.8401010170054231,1.9355978464874877,2.470432405219768,1
2.523645735249607,1.6962344688940023,0.9410094143037695,2.703514487630938,0
1.8728712364476632,2.6856888950382474,0.41582947799427056,2.2114953212104083,0
1.9917890900320463,1.619344997721345,1.4167921757555229,2.810999422459696,0
2.693084985955952,2.6063365598529344,0.31599305089136964,2.0212663828137387,0
2.247205337185854,1.156783884319343,1.2061030748828157,2.348905899254572,0
1.8543618277262992,1.7396073143857311,1.4536708884917846,2.2790908247810595,0
0.9760597991952711,1.6945087967690808,1.045487822496042,2.5040473352061454,1
1.093527711337589,3.064955661706634,0.7260218118753589,0.2179292975279968,0
1.104878034188756,2.0000885300452897,0.3888031332844301,1.7494046545958928,1
1.6439639968151145,1.5574887627342529,0.8340963343972753,2.526577265335957,1
1.0211892265795521,1.5481244011619564,1.1701446382808895,2.4423592610140212,1
2.3712659518225623,1.6227951510311431,0.8241235184650362,2.5251004079913244,0
2.895895545164829,1.587554044165338,0.7668403891443842,2.8350233494777908,0
2.5888024788024153,1.2743296667415303,1.1271217290006779,2.80582899345818,0
2.882460931490693,2.5686313980344293,0.3520462218012419,2.177510462740221,0
1.784866587514812,1.7721426054697405,0.38103492003282846,2.4238899744342963,1
1.8704018049291462,2.6881541409309917,0.42209547579129414,2.22996317949483,0
2.537986562325034,2.9764807257781207,0.22634732862898443,1.2758390635067416,0
1.3115853110231839,2.8554812172260005,1.0102466599399955,0.8410945387880909,0
2.0519843152127866,1.8603674439888453,1.140005594881383,2.564255695463028,0
2.1201995289949505,1.327314589334875,1.1420897496562028,2.4172412597928434,0
2.2902957844172307,1.1148866135431263,1.232885817086508,2.208538749930536,0
1.7151561216205187,1.7551324088098004,1.260020429576859,2.142414390523299,0
1.068063114761318,1.8115627209527643,0.6042641365831212,2.074456099945359,1
2.108192201427847,1.1060141102093342,1.2101495831793816,2.2669017526542805,0
0.6339189295379356,0.08452101497976336,3.0311865844145913,1.6415397932161946,1
0.5359346055233696,0.9657928293340723,2.1998794987127077,2.3463206847538136,1
1.6381574344463437,1.7238356953723875,0.6461258739173619,2.443467389642899,1
1.0303646372676214,2.062446150791244,0.5297001161457966,1.628228080980247,1
2.513496145155151,2.3167713973592092,0.4488782179949868,2.4493776184802236,0
1.4458680128264523,1.256096374655576,1.2304497920250304,2.7799768484505987,1
1.142689788357614,0.8534157267063355,1.3684370782851871,2.3219396839096476,1
2.03664665339594,1.0717626745207616,1.8693920987055448,1.9086024492116391,0
1.2184945393755882,2.031886629241565,0.40816953252317906,1.8070220871708005,1
1.2807967107143294,1.0594364450570368,1.5920100450385999,2.5395061944303556,1
2.536264756862582,1.1715634502753645,1.1028968131115369,2.4368186178696347,0
2.2647179111657985,1.7684387819303993,0.8027879989682593,2.6972328448826874,0
1.5792121040993339,2.0858481226716497,0.10077023670980079,1.2270770618184086,1
1.7967538418062439,2.27683917765692,0.9921524071222407,2.386581472791035,0
2.2220352599650024,1.719152919116217,1.27695080375413,2.3607264711928453,0
1.241512359768374,1.3768457857982872,1.2917970231565812,2.521775336522946,1
2.144259494799221,1.0954147438105757,1.5202285065603853,2.503307478238525,0
0.9673374952078475,2.0306480515949685,0.5888413912494536,1.5432730762813005,1
2.235016766938493,2.9326184039279775,0.2895486455017711,1.3054047763054668,0
0.6906931991288033,2.335004689445164,0.7894521151039244,1.0313149074129344,1
1.4095175277671756,1.7179202961698443,0.6492561661213608,2.291282753498447,1
2.1692256740047817,2.5368332988381534,0.6586483960806143,1.6855027226821255,0
2.3859239535884407,2.4370325230835506,0.5524228165803595,2.331175041347162,0
1.199169538593062,0.8861903967393508,1.5407587844396182,2.482622905641851,1
1.759100674982612,1.6338850656343569,1.482781387976445,2.0559739587078947,0
2.23089349596262,1.7090489837760967,0.8970662288892217,2.788460922558059,0
1.1498488742278115,3.046222174801862,0.660620223033155,0.19319122285775892,0
2.641181613397022,2.852527685914886,0.14448335309076463,1.1779722692570473,0
2.50450197714734,2.848823862375544,0.18263421224802062,1.2784385609605424,0
2.166937485166523,1.9066950117317338,1.083990551939956,2.668792628783739,0
1.0072561955347064,0.526883785221884,2.0408882630335867,2.361834828348971,1
1.7649661412224664,2.5067739721072924,0.8710819615667911,2.2879576820300684,0
2.407129347178645,1.8120629157715817,0.8536914493223519,2.8420219964687936,0
0.12091152306722276,2.6847004148010596,0.7467783694158578,1.3172310614249574,1
1.6699927112336892,1.1097060243482277,1.334116191863477,2.1594111046443056,0
1.387621146458487,2.829852187461811,0.8751420033359207,0.948930834261703,0
1.5656331759410425,1.4286040401454834,1.8429476933159465,2.5424627657102286,0
1.7984167433976126,2.8963900077650293,0.523555919601847,1.2898934893009182,0
1.1430749290531625,0.5088886811448906,2.025703706817041,2.405052187666065,1
1.4751749542241963,1.6287099547636639,0.6858993964350134,2.739698920869726,1
2.163335286896392,1.7782997655013788,1.2465681578484753,2.477820976828841,0
1.1323136449128344,1.7864338860073927,0.7405164316606033,2.1302167486246946,1
2.5141304945360545,1.6881015393280334,0.9124808541393509,2.6285289841559094,0
0.9830829530552747,1.8347384142246563,0.8285300171317984,2.4157635454710293,1
1.2482863049430228,1.033319129874478,1.6191446575289503,2.4918554064887575,1
1.8263598336264137,1.771642410650923,0.4041230242266131,2.61153798321612,1
2.528743185631868,1.3073544341839543,0.9956305095711284,2.634439270125046,0
1.1827444206946667,1.9680522428400529,0.6175986671001996,1.7697150138228435,1
1.7498754225574715,2.217947192441346,0.009852368026421558,0.6981221788290364,1
2.194939479266408,1.0668321827352716,1.5754315411479862,2.4427286181797103,0
1.1141893768870188,0.8189141936083542,1.4731590889836077,2.3071653972821102,1
1.4878778005767896,1.1222823512213613,0.9847225306847331,2.6566007000663516,1
2.578607578037894,1.0086666709470282,1.2405322290850358,2.2406753942769764,0
1.1556939506661368,0.6059860229977878,1.9543823064059946,2.7105302741655923,1
1.435555304319763,2.6792816375972,1.0160389861972874,1.1288389107896002,0
2.1771550412660763,2.058742327251903,0.7984965348182891,2.3256332555665318,0
1.9974755791251457,0.8741142646850348,1.818370907140148,2.185268962833104,0
0.7129180827954597,2.121338136006819,0.6745353395232192,1.8181056587320619,1
1.3506884192888813,1.9022528053646137,0.3653902257491151,2.0773983882721887,1
1.8181042295406549,2.0479047728441837,0.17822230019223295,1.9529367354566844,1
2.6627948030178072,1.887473239408592,0.6788254503259329,2.7954881354551473,0
1.591763159707211,2.801269626386507,0.7362263208578896,1.9809884552328663,0
2.550650894608073,2.7670062812974865,0.048355097470335555,0.9459885459348734,0
2.299720403790655,2.010937993853457,0.8248204923020702,2.5657325528076598,0
1.0693318135231251,0.5290989337052202,1.9649384150057323,2.2137120355226605,1
1.418044995873322,2.9932372522085173,0.664447489074188,0.4281172345067624,0
2.4817107101048768,1.9944196554320213,0.8410538926423073,2.61486019809389,0
0.6960398581964189,2.0787024824028237,0.634181231032582,1.295435275081549,1
0.7235660902606263,0.1153306339388513,2.837766194533249,2.0759415270618167,1
1.4464140064007303,1.3066160513561755,1.217687727397399,2.7267842747283697,1
1.4761423370300741,1.6107202099168723,0.6536626647881231,2.56167048096227,1
2.1776081479667213,1.1153748989614962,1.525452426969999,2.464152762084943,0
1.632470945353244,1.2403283284623667,0.9014646074724455,2.82948156369716,1
2.139411253102315,1.8334998365780597,1.1256195135460996,2.646628342251825,0
2.275275297290836,2.3325394435524185,0.41351525418586654,2.2517561092476295,0
1.4665545992444178,1.809097475060019,0.522513842214437,2.120618604179891,1
1.702725139288312,2.040509035165949,0.10552048557968259,1.286922635068003,1
1.836735977071193,2.6368960814026137,0.5258701434102508,1.9702762404507197,0
0.5638912889531904,0.14144794912141034,2.805191126072265,2.013867813137536,1
1.5845349750651654,1.4493025781241826,1.8624358938077699,2.657709057222478,0
1.7632126182909686,1.8463143514601545,0.28282250963757943,2.4002502588530543,1
2.3645826279880424,1.7770611878547826,1.005022739530382,3.0378127167803535,0
2.475163318280551,2.40276917799453,0.3862588404424421,2.1608879619889376,0
2.5908188036202873,1.6829269048333584,0.9916922690550727,2.7847759206730003,0
1.1656622980803353,0.8317287084904487,1.4294324391300801,2.348905899254572,1
1.6674621103105844,1.5220023222192183,0.8635438173487735,2.6950189871610437,1
2.3917916853617984,2.4528005692767603,0.624208415100343,2.307902397659122,0
2.358193823508943,1.0227197634757192,1.215251702335921,2.1154481751783747,0
1.9533429864822849,1.0796466976173664,1.7870544516275932,1.9994705964703305,0
1.291512684184593,1.4120857017240471,0.6943645835236488,2.4076374021668228,1
2.0182505213497377,2.566404340150645,0.6831169144759032,1.5953487230755772,0
2.3807132265310185,1.7726308908881103,0.9512136526168488,2.824311134695644,0
0.3516107997008241,2.7246207251029,0.6629398602305846,0.7346865386187645,1
2.0257041265753544,2.552851442440772,0.7362263208578896,1.5532425775052185,0
2.4312572789880122,2.8177760554074953,0.1633896142623455,1.1945690606928536,0
2.5141304945360545,1.3475248418952044,1.0240372684824732,2.7367566325428965,0
1.5419221022962688,2.7504998522764987,1.003750593109388,1.1908840588077951,0
1.165549021405174,2.0580039444241245,0.4739286757105175,1.3423404928743097,1
2.4502197944100215,2.4986398516012787,0.4878410855060688,2.171231676582579,0
1.535025818312446,1.5634041619367962,0.6585333615638224,2.6964958445056757,1
2.8620711299616506,2.8865290241940493,0.12209898947029586,1.202710343927285,0
1.7246826900015877,1.6373401017983384,0.8834921559077643,2.2813018259120947,0
1.3180194261723486,1.8485294999434907,0.5150839657769295,2.036777669818288,1
2.522739521848317,2.284973298162934,0.4688265565539777,2.5092177642076616,0
2.401805343446062,1.7960447721689639,0.8901100239914458,2.914807925175221,0
1.5463376270940583,2.596963861700324,0.9704717840750877,1.331999634871277,0
2.7829587000289653,2.895401527527842,0.1581656938527319,1.2193357012691772,0
2.8230586430360827,2.848585674366583,0.16268587368902976,1.3851893520028975,0
2.5321867965567733,2.369017937124775,0.3866107107291,2.385844472414023,0
1.482252480888277,1.8514949406550534,0.4113092981579727,2.247325537213733,1
0.9379535256709935,0.7284742066059131,2.31664629999288,2.2011516066167673,1
1.98773378506127,1.5988906024518306,1.282513060977838,2.158674104267294,0
2.5840901691157026,1.270637752602637,1.0369076008906144,2.6662045576923723,0
2.391225301985992,1.9865356323354164,0.8585634994453076,2.5583454094938918,0
2.842360988483576,2.874953086958551,0.11816074895423992,1.2932071344068625,0
1.5486960474709177,2.738423720222183,0.21405893554108496,0.4964468818638171,0
1.3975396521356147,1.6363494778690701,0.6881026457683944,2.6011942686224794,1
2.052528043253561,1.8544484719661678,0.31505924128446977,2.5018306208938927,1
1.5137660519181642,2.13046073675002,1.1368658292465894,2.3356084699716666,0
1.1303199754299948,2.0974359693075955,0.607742239032009,2.095137815951424,1
2.7906162032698725,1.6568036349505755,0.7318198221911274,2.7685219201102225,0
2.4753445609608087,2.834532581837892,0.18355448838235666,1.2758390635067416,0
1.1865731723151203,0.828775177179334,1.6223926909442539,2.775549133007311,1
1.741073824897435,2.486075434128593,0.7626653128584626,2.3237878980333937,0
2.604683868660036,1.9377428186997827,0.8549635957433459,2.7186572744469806,0
1.033015311466397,0.7703595679816815,1.6409470818291771,2.273180538811923,1
2.114852869927335,2.7167367020062962,0.2766783130936298,2.0707710980603005,0
2.0081009312552807,0.8691837728995448,1.8050269031922743,2.3223081840981536,0
2.689165612995369,2.564439289076718,0.3839446166340381,2.0929096752767373,0
0.8895164193720012,0.612643377848244,2.128328029268078,2.7193971314146013,1
0.6363430503863885,2.2258312155379505,0.6487919680124238,0.9219646189167785,1
1.4187110627232706,2.025229274391109,0.2712243236504321,1.5562134317381338,1
1.1925768360986717,1.742071369338431,1.680370087407427,2.449746975645912,0
1.0775103894697744,0.9914218590982614,1.5008621073216364,2.6939106300049174,1
0.7441824451399918,0.6528137855594939,2.109773638383155,2.5505897659916172,1
1.16989884573137,0.8558809725990806,1.371576843919981,2.4357102607135084,1
2.7378972386497815,1.5772047751759886,0.7836543754576071,2.757809705328076,0
1.101842219294432,0.8723874016200687,1.5320567615811167,2.3825194009456445,1
1.2143486130646828,0.8290133651882948,1.6816557673009849,2.8224543508000717,1
0.9352801961371858,0.5123424072748232,2.0371800915511145,2.2698583239341534,1
2.7248251103361616,2.634919120928238,0.3713043532594808,2.075570170282702,0
1.0413071640882074,1.8342382194058384,0.5955661737663888,2.0190382421390525,1
2.712183433388155,1.673314827731743,0.7435316893478103,2.5380293370857236,0
2.4465722854698266,0.9943753904093761,1.2331158861200922,2.084054244390163,0
0.8869110558432902,0.7932851638441649,2.256814817788471,2.4179799741242207,1
2.26922632283722,2.707375913254134,0.3225973855024874,2.1453852447562145,0
2.441633422432792,2.7825361394817354,0.18715439208431842,1.4852842869272782,0
2.5850870038571228,2.7921470256433056,0.17938617883271682,1.5384740040588984,0
0.4954042111506392,0.9371983588583203,2.20161178320087,2.207061892585904,1
2.6820744931302687,2.472272439009311,0.445170046512515,2.3418872561293096,0
0.8835127555884498,0.08772464370028693,2.8370759874324967,2.2528644664037554,1
2.0257267819103864,1.756365031756173,1.2873851111007932,2.674331557973761,0
2.383930284105601,2.7956007517732386,0.20733279967689333,1.4598034986988115,0
1.5392011965588934,1.6190984731320703,1.3794533249520926,2.485945120519621,0
1.9670947748468728,2.062934436209614,0.9043743040736552,2.3378223276933108,0
1.278893662571619,2.0355785433804585,0.5269122207976609,1.8720380894219109,1
0.798396661872213,1.9828437181965228,0.736342708721938,2.096623243067882,1
2.8274084673622784,2.7677446641252654,0.04660927950960973,1.3220301336473592,0
2.5064956466301793,1.3186921834104917,1.0531477679671335,2.5465248375556184,0
1.2783499345308444,1.4120857017240471,1.0558138620621955,2.613014840560752,1
1.7437969961683137,2.257379217324817,0.8598356458663017,2.3215711837211415,0
1.2733204501536806,3.0282389801253164,0.7075842148586611,0.4129773042813281,0
0.5993242329436599,2.2310118047328493,0.6275714830324387,0.8787729689151622,1
0.8692852051881845,1.6232882002096922,0.8474322182616101,2.4549182616246106,1
1.1045155488282397,1.8300461104481272,0.7214994666834508,1.962534879901488,1
2.733026341617843,2.602144450895223,0.30241897790991246,1.9518226651193409,0
2.3785156590328884,2.7744020189757217,0.17253824171545132,1.4150978556746514,0
1.93931933409731,2.318486351023728,0.7282250612087399,2.4342328320507547,0
0.581018722237586,0.08846302652806559,3.0273701451516093,1.5750383638486267,1
1.7457634792491146,1.6348709258034455,0.6899580848568867,2.5088492640191555,1
0.6738149745297625,1.9374927212903739,0.8230800877303698,2.126531746739636,1
1.81450656233753,2.0979242547259656,0.04800322718367762,1.261441846839536,1
1.4034980052491017,2.013403239746202,0.3078729673531101,1.6023759359726655,1
1.7492093557075228,2.1309490221683896,0.09704853175476517,1.258842349385735,1
0.7307251761308236,2.2524487255393275,0.6273400606515983,0.8905706881285667,1
2.3272466358548622,2.57380007782888,0.2370117050092319,2.09476645917231,0
1.862993510373594,2.638861132476541,0.43704996297425547,2.183792105488472,0
2.3564040520413934,2.8076768838275545,0.19829244000429774,1.3811329933387242,0
2.2637210764243783,1.9081717773872913,0.8975263669563895,2.4312776890661865,0
1.6632889975976404,2.4897673482674865,0.6727962882987752,2.103993246837999,0
2.035581852649423,2.4020307951667514,0.727877250963851,2.607844411559236,0
1.900148259826516,1.6683867178263423,0.46116661108288626,2.8205975669044996,1
1.508442048185581,1.5155903010179916,1.8050269031922743,2.5834634107150696,0
1.269740907218582,1.4184929591650943,1.2602504986104428,2.599346054498733,1
1.8579413706613976,2.7041722845336102,0.4338019295589516,2.119875890621662,0
0.9955207319879907,2.8475971941293956,0.5352623733695044,0.8791157597881909,0
1.8457528004140367,2.526734127258213,0.7710141120830498,1.575409720627741,0
2.376227470194629,1.9917162215303152,0.8543951898956678,2.597869197154101,0
0.6843497053197678,0.11581891935722122,2.8293077741808954,2.16864646208182,1
1.765571038667828,1.8684896550944112,0.29452896340523693,2.3832592579132648,1
2.638780147883602,1.1548069238449676,1.0887408008098378,2.5332274082727135,0
1.1412625022505811,1.5813933113135656,0.8957940824682276,2.914436568396107,1
0.7863213683000133,0.15254751033898664,2.7302698219592565,2.3075338974706163,1
2.3918823067019277,2.853754354161034,0.13671513983916297,1.0198599790725587,0
1.1346924550912227,1.4724663619956266,0.8721375724267648,2.5461563373671123,1
1.8260879696060266,2.725120919921719,0.6313987490734718,1.9525653786775699,0
1.3975396521356147,1.8371917507169533,0.41814370180267446,2.2188824645241767,1
1.6635608616180277,1.6609933620281974,0.4779887174796472,2.5816180531819315,1
1.0746331619206761,1.0177892716902293,1.4773273985332476,2.703882987819444,1
0.6610147102365301,2.091767094694327,0.6269922504067096,1.2477587778244739,1
1.3780945780774179,0.8408393998332018,1.3901312348049037,2.5358126227734714,1
1.0787790882315813,1.603819903297276,0.8960241515018116,2.8350233494777908,1
1.3943950916331358,1.9747095976905094,0.2900087835689391,2.0980801042782535,1
0.0,2.7359584743294376,0.7504892475928424,1.1040722702132761,1
0.9612885207542314,1.8746587245264976,0.6580691634548853,1.8384160179590123,1
0.8352568919697154,1.6826803802440842,1.0736645123738027,2.33376025584792,1
1.0139621747042582,0.8206410566733203,1.736033260062196,2.6440431277510665,1
2.205882006086994,2.449847037965645,0.6608516454139955,2.5701659814321647,0
0.9350989534569276,2.1230649990717847,0.6535462769240746,1.2898934893009182,1
1.9907922552906265,2.2122783178280776,0.9979447333795326,2.620770484063027,0
2.4712666006550004,1.3260879210887264,0.9758039722652115,2.4722791910482105,0
2.4090097399863235,1.9991119592085502,0.8140356680160051,2.6030424827462255,0
2.7349067344255213,1.0483487932399085,1.1894027697391285,2.3740239004757497,0
1.0562823405445378,1.4687744478567333,0.8679557294045611,2.4877933346433676,1
1.2179281559997814,1.604559477065099,0.9080824755561269,2.449008261314535,1
1.6216734126768644,2.0240026061449607,0.251167717310931,1.6289707945384757,1
2.975551703138289,1.9936812726042425,0.5358443126897464,2.8575332834733422,0
2.186806213989823,2.5940103303892093,0.6834647247207919,1.9388823096625079,0
1.5088362510151425,2.6395995153043197,1.0080407039121018,1.3733630668834071,0
0.45183800188358486,0.9492744909126362,2.237096548263064,2.330435184379542,1
2.7556590213150804,2.659321482446279,0.2563781042479809,1.9998419532494451,0
1.147062268018842,2.0249791769817,0.5316760031401065,1.7043276547926185,1
1.540954719490391,1.4278656573177047,1.00433253242963,2.7966022057924906,1
0.6886315636408666,0.03277467003301518,3.107731905235251,1.49342557016171,1
1.001841570461994,0.8238446853938439,1.5567553490099895,2.263948037965017,1
2.2962314821956853,1.2928130562368936,1.0162690552308715,2.505524192550777,0
1.7552900476301843,0.9855028870755838,1.8436514338892624,1.6216007907683587,0
2.4939219356872697,2.1072969528785754,0.8109040224647496,2.5380293370857236,0
1.417136516938528,2.77958260817062,0.20292088762110563,0.29845658678365605,0
2.119565179614047,2.9104431002937208,0.2378237133630579,1.0800769091012672,0
0.6244263441594147,2.655379470897977,1.140235663914967,2.1800956772409794,0
2.68887109363995,1.7359106364866583,0.9369493725346397,2.781090918787942,0
2.1543864295586452,1.8061439437489042,0.947153610847719,2.560193623617638,0
1.7496647279416715,1.9172943781304925,1.3796833939856767,2.5989775543102267,0
2.380237464495341,2.913146534195426,0.254293949473161,1.26809770295751,0
0.9955207319879907,2.8475971941293956,0.5352623733695044,0.8791157597881909,0
1.7244402779167427,2.5489094308924694,0.928599219962796,1.5211059331587775,0
2.6643127104649698,2.8330558161823345,0.18101019554036873,1.3397409954205086,0
1.516548127060127,1.5942090171357048,0.650647407100916,2.620770484063027,1
1.0921457359006204,1.6119516419231996,0.7911911663283684,2.4578734046091792,1
1.417136516938528,2.77958260817062,0.20292088762110563,0.29845658678365605,0
1.4802859978074763,1.981855237959335,0.4703287720085557,1.7959385156095389,1
2.078400435860413,1.3973061357680254,1.061497920538977,2.4242593315999845,0
1.2681323784312908,1.8956073599146057,0.651459415454742,1.9654771682283176,1
1.4933218775850443,1.4773968537811168,1.6743476921165514,2.326741612722658,0
1.986374464959334,1.1079791612832615,1.8281014739134953,1.9255991633326457,0
1.605675121290477,2.4422012028780014,0.8603093174060334,2.175293748427969,0
0.9839665111215332,3.0930499373635683,0.8069617219069247,0.0,0
2.40787697323471,1.2716143234393764,1.0955887379271032,2.5118029787084195,0
0.018622685396525472,2.711317924802436,0.7449229303273656,1.1358375577806026,1
1.5393507217701063,1.870954900987156,0.38115672128590233,2.2118638213989144,1
2.249697424039404,1.6935238893520275,1.3366740181780288,2.3721756863520036,0
2.5710406961371155,2.617674309079472,0.33883755257900644,2.0323499543750003,0
1.9413130035801496,0.9749035206768254,1.8869044122030578,1.9499658812237692,0
1.065049955202026,3.1144868581700464,0.8106726000839094,0.2755467301029046,0
1.6429354446046494,1.5853365138019124,1.761083717777727,2.7016662735071915,0
1.0688560514874474,3.01197073911329,0.9621216315032443,0.9064533319122299,0
2.3808491585412126,2.4584694438900287,0.5723711551393506,2.2329197507747023,0
2.4409311070467914,1.1777325197074509,1.1698063014667954,2.4401429466244546,0
2.4341571618721423,2.4732609192464983,0.46487478256535814,2.405052187666065,0
1.4377936514209515,2.6664671227151056,0.964665924345232,1.2052812754750004,0
2.4998576334657248,1.10822925869267,1.2202455537119508,2.4105911168560867,0
1.2758351923422624,0.7937734492625347,1.4794115533080674,2.5313820507395755,1
0.6842590839796386,0.6513370199039367,2.414520373574035,2.0105541680315917,1
1.7841121648582372,2.538310064493711,0.8033672315939886,2.177510462740221,0
1.3792726554990957,1.8763855875914637,0.40191706819871925,2.10030824495294,1
2.3079669457424012,2.334016209207976,0.645778063672473,2.0149818834748796,0
2.525140987361737,1.0678206629724594,1.1686424228263115,2.3012551113129738,0
1.2505971491163141,0.849711903166994,1.4934457643566925,2.411330973823707,1
1.4190440961482451,2.0454395269514385,0.24362957309291347,1.4258100704567982,1
2.174459056397236,2.040509035165949,0.9904065891615149,2.5184531216451767,0
0.914369321902401,0.1828569344792569,2.3333466051365668,1.8247615148500358,1
2.2619539602918612,2.5227921157099105,0.5831586861199284,2.189331034678494,0
2.735427807131264,2.6171741142606537,0.36005803755899135,2.146470749187472,0
1.3106790976218932,1.464832436308431,1.1040471582794569,2.569426124464544,1
2.2305083552670713,2.7224055766195643,0.2597479389163586,2.149812960199502,0
1.3562842870418517,1.7349245381295606,0.4857569307312488,2.3082737544382366,1
1.194117398880866,0.35806803387087005,2.0982972536490814,2.154983389201018,1
2.426114517935687,2.1526360403842766,0.7910761318115763,2.53839783727423,0
3.141592653589793,2.261809514291489,0.3713043532594808,2.597869197154101,0
1.810029868135154,1.5722754743305436,1.6884901709456865,2.2488023945583655,0
2.545281580205425,1.251165882870086,1.065084290768375,2.5040473352061454,0
1.6814563107600173,1.7248265574896646,0.8178683474460637,2.3149238973749933,0
1.9586216795448035,1.070273999464756,1.868350021318135,1.8361878772843256,0
1.786953143871284,2.0550504131130096,0.22403310482058045,2.0430621691571473,1
2.394034563529993,1.7260532257358132,0.9444875167526572,2.6259437696551515,0
2.485630083065459,1.8083590922322406,0.9600239432558605,2.698341202038813,0
2.085129070364997,0.8208792446822811,1.8186009761737316,2.4187186884555976,0
0.7530633364726415,0.6269346583858958,2.3885361062516046,2.1690149622703263,1
1.4374017141248931,1.4298307083916317,0.6687375998769018,2.4065290450106964,1
2.7537559731723698,1.5809002621350166,0.8004683617708298,2.7614947072131346,0
1.314711747257637,0.8612997498029401,1.3670431306111193,2.432385760563252,1
1.602257564000859,1.515102015599622,0.9051863124274812,2.6628823428146027,1
1.6563020922736884,2.2342154334533735,0.018310788378775235,0.6161380283630052,1
1.0695583668734479,2.0173452512945045,0.5800311006104419,1.6662778678864327,1
0.6448388010234894,0.6658783978509974,2.356881313924956,1.9843306662448963,1
1.9771310882661681,2.6822351689083144,0.5443162665146638,2.046004457483977,0
0.8431862592310099,1.6370888134488848,1.1162272835868463,2.313444183439753,1
0.7801591171712359,0.013552897709873222,3.0979878049893395,1.7298084430210852,1
1.0850546160355201,3.0136976021782558,1.065896299122201,1.506708716491572,0
2.059075435077887,1.8820544622047322,1.0098947896533377,2.4179799741242207,0
1.0376143444779478,1.9695290084956103,0.6307031285836943,1.6256571494325314,1
1.9495368901968637,1.7470006701838763,0.4487564167419129,2.628897484344415,1
1.828398813779318,2.8034847748698435,0.5301602542129646,1.931883662671505,0
1.0711215849906746,1.8884617196457798,0.6520386480804711,1.9629062366806025,1
0.9867984280005669,1.6287099547636639,0.7988443450631779,2.459350833271933,1
1.8250231688595098,2.6472453503919633,0.4891132319270628,1.8472714488455872,0
1.9759983215145547,2.1412982911577396,0.10100030574338487,1.7582600854824677,1
1.871761125031082,1.890176673310298,0.28294431089065336,2.4785579772058526,1
2.5327305245975476,1.6989450484359767,0.8633137483151894,2.9639412836426686,0
2.3366485998932545,1.8527216089012017,1.0017747061150781,2.617076912406142,0
2.648884427307994,1.0651053196703055,1.183014970689031,2.3699589720397514,0
1.3767624443775202,2.7610992186752568,0.949589635909197,1.0527393369772282,0
1.4897219448484167,1.91877114378605,0.31193300912223987,2.143899817639757,1
2.4872159565177183,2.901320499550519,0.2112710401929492,1.2097375568243736,0
2.317822016481438,1.2336709736119102,1.0908384890572216,2.3839962582902765,0
0.26286985237942406,2.5523631570224024,0.790611933702639,1.6090317920906396,1
2.1384370736959277,1.6683867178263423,1.371455042666907,2.852362854471826,0
1.173365111991307,1.539253088768209,1.0588318264439152,2.4696936908883913,1
1.606552109309576,2.37197146843589,0.9566676420600465,2.2358734654639663,0
2.330576970104606,2.4298868828147246,0.6295433099849794,2.690214201757424,0
1.4693389399198837,2.023014125907773,0.26763795342103414,1.6430252203326523,1
2.7323693369019075,2.664240064831321,0.31784713663260555,2.0759415270618167,0
1.7408925822171766,2.012903044927384,1.2964254707733889,2.6266807700321633,0
0.6413951900985845,0.15476265882232285,2.741407869879236,2.045261743925748,1
1.574524488727807,1.6871154409709355,0.670940849210283,2.4024669731653066,1
1.6814563107600173,1.7248265574896646,0.8178683474460637,2.3149238973749933,0
2.2826156258412915,1.331506698292586,1.0291393876390127,2.5284254794597034,0
0.6418256414641976,2.203405814494285,0.6489083558764721,0.9519016884946184,1
0.6061208334533409,2.3630989651020977,0.7928151830360202,0.8802298301255341,1
1.6814563107600173,1.7248265574896646,0.8178683474460637,2.3149238973749933,0
1.1389290027422574,2.0794408652306022,0.4530465275446267,1.330142850975705,1
1.1826537993545376,0.8206410566733203,1.4554167064525108,2.4582427617748674,1
1.6462317958518444,1.5781896825930417,0.6607366108972035,2.785147277452115,1
2.547547113708652,1.6674006194692446,0.8454603913090695,2.7197656316031074,0
2.3677770302275927,2.283984817925746,0.3739704473545426,2.18489760605399,0
1.707716109595921,2.8579464631187452,0.5669306991687166,1.29469256152332,0
1.5163668843798688,2.020548880015028,0.25452401850674494,1.5325608614991535,1
2.560211445991691,2.9856033265213213,0.16129192601496187,1.2004822032525988,0
2.517030377420185,1.2905979077535574,1.0130210218155675,2.5849402680597016,0
0.4081358606063368,2.4293866879959065,0.6884504560132833,0.48204966519661163,1
2.5014888175880476,1.7479867685409745,0.8736397878813429,2.9244060696200247,0
2.648068835246832,2.894663144700063,0.09485610919943506,1.2403887740543564,0
1.713105813800098,1.2516541682884557,1.1335095280507752,2.1605251749816494,0
0.39440672757678147,2.5205769672265745,0.7194121992099412,0.32836509045541035,1
2.028241524098968,2.6967765468553755,0.3988991038169994,2.2259011076494395,0
2.251713748857276,1.724574078200166,1.0253094149034672,2.9749962892978443,0
1.0539941517062785,1.546891778215584,1.1233052897376958,2.6595572713462245,1
2.630556261266888,1.1097060243482277,1.1453377830715068,2.4430980039113046,0
1.432138879796897,0.835420622629342,1.5058559586976659,2.6200334836860146,1
1.9433066730629898,2.7332431310272836,0.40793946348959503,2.231811393618576,0
2.4883487232693313,1.2484505395679322,1.144052103177949,2.752267919547445,0
2.533908602019226,1.2021229718250437,1.23346775640675,2.907409355499018,0
0.963010326216684,1.8514949406550534,1.6323668602237495,2.3278499698787836,0
2.455906283503121,2.8816104418090074,0.15237336759544015,1.0213454061890164,0
1.8022885401546271,2.0377936918637944,0.16651584642457548,1.9636489502388315,1
1.762517099505478,2.2181972898507545,0.06597567874835866,0.8233551111088555,1
2.5108001602863106,1.7016556279779516,0.8545034576761779,2.757809705328076,0
1.8142029808480977,2.6398496127137285,0.5312023316003748,2.0231231667093112,0
1.3964204785850207,2.028182805702224,0.21765883924304674,1.500795573931827,1
2.467211295684224,2.849562245203323,0.19352865766185215,1.2355897018319548,0
1.8899080483919297,1.947103607451945,0.987510426032869,2.387689829947161,0
1.2696955965485175,1.4697510186934728,1.0015446370814942,2.5620389811507756,1
2.5576967038031087,1.8167433101476627,0.6499517866111384,2.7142267024130846,0
2.4241888144579438,2.3175097801869877,0.4831991044166971,2.3740239004757497,0
1.3749183001058936,0.87609122515941,1.4736192270507757,2.7367566325428965,1
2.4127478702666476,2.456992678234471,0.5581068750571413,2.522515193490567,0
0.9908537329713433,0.3955350076804144,1.948820049182287,1.9470235928969393,1
1.7091977685070314,1.718166820759119,0.5557926512487372,2.556128695181639,1
0.9271242755255689,0.6550289340428301,2.104549717973541,2.7740637058908537,1
1.6825845464446243,2.4261830592753832,0.6702452287205054,2.2805705387163004,0
0.5748791264438411,0.9480478226664877,2.1887414507927287,2.2909113967193324,1
2.069406267852602,0.8292634625977038,1.8608118771001174,2.2698583239341534,0
2.773760634005864,1.679230226934286,0.7397057766540337,2.7788627781132553,0
1.5845349750651654,1.5735080972769158,1.760379977204411,2.5712743385882906,0
0.9998932116492187,1.6617329357960209,0.9583999265482085,2.7197656316031074,1
2.3215374914267306,2.6750895286394885,0.32247558424941347,2.218513964335671,0
1.9802801798356533,1.9867857297448255,1.1084590703352446,2.4733875482043364,0
1.9901805612447552,2.0789525798122326,0.1723081726818672,1.9503372380028834,1
1.5264666327372547,1.9562262081951458,0.33975782871334254,2.2543441803389963,1
1.7673562790683708,1.6750404998566644,0.49200939505570873,2.681350201099024,1
2.4436270919156313,1.7349245381295606,0.8451125810641807,2.729729419645808,0
1.5340878874421102,2.02942138334882,0.23411554188058603,1.5595270768440779,1
1.7637563463317434,2.970573663155891,0.5283061684717287,1.2784385609605424,0
1.5872266554203496,1.8219119899421137,0.5247197982423308,2.2244242503048075,1
1.4562124388021866,1.6294491712494739,0.6723320901898381,2.585311624838816,1
2.5409544112142615,2.037305406445425,0.5226221099949471,2.6144916979053843,0
1.8841762486287656,2.690369289414328,0.5080194930986437,1.9289128084385898,0
1.156147057366782,1.8273426765464214,0.7216154485433223,2.1213613177381196,1
1.59760014819093,2.0644112018651715,0.1189727573080659,1.1820286279212202,1
1.067564697390608,0.4549271877148063,1.8624358938077699,1.9067456653160668,1
0.39596994569400806,1.0274001578518002,2.1138336801522843,2.122475388075463,1
2.3738260046812085,1.719152919116217,1.0001506894074264,2.9823948589740468,0
2.3562454646961672,2.8737145093119545,0.21058083309219713,1.3851893520028975,0
0.8298196115619708,0.0,3.141592653589793,1.8613258746397638,1
1.7246826900015877,1.6373401017983384,0.8834921559077643,2.2813018259120947,0
1.9239363616103993,2.069829979069031,0.16651584642457548,1.9857875274552683,1
2.302688252679882,1.2666957410543345,0.9760340412987953,2.334868613004047,0
1.4070979379857291,1.6449748611435657,0.7226590146127142,2.375869258008888,1
2.1876218060509847,2.5940103303892093,0.21116277241243908,2.068542957385614,0
1.8518017748676525,2.1124656326730262,1.1752467574374295,2.682827058443656,0
2.4172789372731014,1.7573511301132707,0.8085857386145765,2.6229871983752786,0
1.2175883259742974,0.7883546720586749,1.7835763491787058,2.7182887742584754,1
1.7130990171995881,1.2516541682884557,1.1335095280507752,2.160519461800432,0
1.0710083083155129,2.076987528738305,0.6210781228963438,2.0855396715066203,1
1.720690819968902,1.2280020989986418,0.9461115334603092,2.756324278211618,1
1.5993239246675304,2.675577814057858,0.9047126408877494,1.3087184214114111,0
1.6937128470124752,2.3000148709288126,0.9905283904145887,2.326373112534152,0
0.9176770008171122,0.8512005782229995,1.8863224728828165,2.961713142967982,1
2.552146146720203,1.7750961367808553,0.8131072717981307,2.716440560134729,0
1.31394146586654,1.4357496804143095,0.6442704348288696,2.3817795439780247,1
2.637873934482311,2.310364139918162,0.4280096033016598,2.497028692080882,0
0.4751729969668225,2.0333633948971226,0.8592537065460597,2.029379100142085,1
2.2364893637155907,2.396361920553483,0.6158596158757558,2.2742888959680494,0
1.1776696256474384,0.6104282293649078,1.754709452200193,2.2513876090591234,1
2.3498113495470028,1.7489716759580276,0.9293029605361119,2.5542833376485015,0
1.030092773247234,2.967858319853737,0.9773061877197895,1.4524049290226086,0
2.415896961836133,2.672374185337335,0.3354677179106287,2.314184040407373,0
2.210752903118932,1.140027357888946,1.2826348622309114,2.4903785491441255,0
0.7813371945929138,1.6676471440585192,0.811832418682624,2.3466891849423197,1
2.4611396658955758,1.6678936686477936,0.9878622963195268,3.0293000767668072,0
1.1978328738261583,1.630681436913833,0.6128443581885488,2.3359769701601727,1
1.1881590457673792,0.8341939543831935,1.6187927872422923,2.6987125588179275,1
1.2729579647931641,1.5224953713977671,1.0345933770822104,2.554651837837007,1
0.9234088005802764,0.41056467104584515,1.9041731231944234,1.838044661179898,1
1.2454090773939244,0.43151330643395314,2.0166633471444455,2.089596030170793,1
0.8650486575371501,1.9729827346255433,0.7590708225455264,2.195981177615251,1
1.2113581088404233,1.7672121136842507,1.9103173197383732,2.7131183452569587,0
2.431891628368916,1.1688600163736587,1.3032734078906545,2.8279961365807025,0
2.273712079173609,2.4979014687735,0.5509206011257816,2.533595908461219,0
1.3151875092933147,1.438953309134833,1.0561657323488531,2.5893736966842065,1
2.8919082061991497,2.3347545920357544,0.3892768048241619,2.371807186163498,0
2.5234191818992846,2.853754354161034,0.18321615156826254,1.2470446301723306,0
1.9308462387952414,2.549897911129657,0.3381338120056906,2.146470749187472,0
1.302183346984792,1.958691454087891,0.601596689140803,1.8613258746397638,1
1.5687165670389343,1.4522561094352973,1.8021307400636286,2.433863474885066,0
0.7157953103445579,2.2236160670546146,0.5904640546098491,0.9906941889590334,1
2.0443947779769767,2.743354212007673,0.23887932422303165,1.9071170220951814,0
1.7255911689363816,2.8443935654088723,0.4864471378320009,1.1871990569227364,0
1.623336314268233,2.7103294445652484,0.5888413912494536,1.746805157142092,0
2.757675346132953,2.672874380156152,0.32409960095706536,2.0109255248107063,0
1.6699927112336892,1.1097060243482277,1.334116191863477,2.1594111046443056,0
1.6541860839816747,2.2369188673550786,0.03338707681481051,0.6175948895733774,1
1.5589181346374776,0.8706605385551023,1.8464257957648345,2.007211957019562,0
0.6556907065039467,2.488540680021338,0.7041054357361451,0.6087394586868023,1
0.7943413569014367,1.6765184564522664,0.8042942744646066,2.3574013997244667,1
1.7957841934668626,2.425194579038196,0.7909597439475279,2.315660897752005,0
0.4884490232957325,2.4804065595153246,0.6920449463262195,0.45396937951434385,1
2.9054107858783826,2.3046952653048933,0.389385072604672,2.4257370459217995,0
1.5668112533627203,2.8695343097546915,0.21301685815367502,0.6940658201648634,0
1.3919460499161473,1.1060141102093342,1.0132510908491517,2.586788482183448,1
1.8138404954875817,2.309125562271565,1.0149969088098774,2.4061605448221908,0
1.3349429614414539,1.7945680065134064,1.757605615328839,2.620770484063027,0
2.7021471199688594,1.8307844932759059,0.7153535365016657,2.9103802097319336,0
3.082348952480408,2.8096419349014816,0.11839081798782401,1.5203917855066345,0
1.0520684482285356,3.141592653589793,1.1141431288120263,0.7882476125294992,0
2.6890296809851755,2.0057574046585582,0.8082379283696879,2.6724862004406233,0
0.06873628648790595,2.4725106270182717,0.8071944976350214,0.2740898688925325,1
0.44732959021216323,1.0224696660663104,2.126473943526842,2.1941329634915046,1
1.3729518170250925,1.973232832034952,0.5483763082837936,1.9943001674688143,1
1.6220064461018389,2.387739514629099,0.505691735817676,1.7349788720226014,0
1.2088433666518414,1.973232832034952,0.3935669156268757,1.7708290841601868,1
2.6475024518710253,1.2386014653974005,1.066938376509611,2.599717411277847,0
1.3418301832912638,2.9178269285715075,0.9987567417333584,0.8277828265521426,0
2.5561334856858817,1.344321213174681,0.9330111320185837,2.646259842063319,0
1.5277670489681068,1.9352775728070382,0.31599305089136964,2.2528644664037554,1
1.410817943998028,0.9569203260002801,1.309769474721262,2.533595908461219,1
2.2893895710159398,1.2435319571828902,1.4097277030772368,2.6780251296306457,0
2.5390966737416156,1.2294788646541992,1.2084172986912194,2.7526392763265597,0
1.670910252302496,2.034590063143271,0.10529041654609864,1.2958066318606636,1
1.9188389112281383,2.638861132476541,0.43125763671696365,1.8797794499711427,0
0.9422806946621572,2.1043315121670125,0.6898416969928384,2.108449528187372,1
1.532429516917748,2.6154472511956874,0.29128092998993316,1.7198389417971676,0
2.2138113733482885,1.9821053353687446,0.784581418328225,2.5875283391510684,0
0.9804775895265637,3.0043368134260935,1.0008408965081783,1.3098324917487547,0
2.5460745169315544,1.729010329867062,0.8280671723701175,2.6569720568454662,0
1.6347092924544322,2.5775039013682215,0.7517654540556056,1.3597085637744308,0
2.051667140522335,2.371721371026481,0.7667240012803359,2.6045193400908575,0
0.42501408520537753,2.598202439346921,0.7213834848235794,1.156890630565782,1
1.1944798842413822,2.049131441090332,0.5510424023788555,1.7623164441466406,1
1.060088436829959,1.6277244518765883,0.9770761186862055,2.7663223453416217,1
1.3113814130078933,2.936072130057909,0.9767242483995476,1.2067667025914584,0
1.5486960474709177,2.738423720222183,0.21405893554108496,0.4964468818638171,0
2.4964366778758516,2.9683466052721066,0.1839063586690146,1.200853560031713,0
2.299086054409751,2.7766171674590576,0.13973310422088284,1.2983775634083787,0
2.6302843972465006,2.020548880015028,0.4304456283631377,2.526577265335957,0
2.5794458254340875,2.036817121027055,0.8285300171317984,2.627420626999783,0
1.4061600071153932,1.7361571610759332,0.4932950749492665,2.3869528295701494,1
1.0171112662737436,0.7634640251222644,1.6526535355968346,2.2510191088706173,1
1.4837635917349297,2.004780833821819,0.46697247081274185,1.6323130055505057,1
1.8146878050177884,2.4966628911269035,0.8885942750643041,1.740149301024118,0
2.630918746627404,2.4988899490106875,0.27157619393709,2.0149818834748796,0
2.599903592968227,2.8177760554074953,0.08209404457180387,1.3711349262087205,0
1.1104739019417267,1.620331096078443,0.8941700657605756,2.3821509007571393,1
0.7333078843245023,1.9293705101848084,0.8075423078799102,2.131330818962038,1
1.45890389260402,1.8455759686323758,0.42440969959969804,2.221836179213441,1
1.2340360992077248,0.8576078356640467,1.3607906662866593,2.172340033738705,1
2.3926299327579925,2.394396869479556,0.47461888281126957,2.436079617879197,0
2.1765206918851727,2.668432173789032,0.3101871911615141,2.0681716006064996,0
1.043776595606725,0.538709819866791,1.9323498130721843,2.2990383970007215,1
2.4589647537324777,2.848585674366583,0.1677879928455695,1.1384370552344036,0
2.228877171144748,1.8928920166124517,0.964205786278064,2.5513267663686285,0
2.2718090310308985,2.5057854918701046,0.6600409904074259,1.8011089446110553,0
0.7843956648222702,1.6950018459476297,1.0328475591214847,2.3112274691275005,1
1.9583498155244166,2.369756319952554,0.7870174433897028,2.578661481902059,0
2.1579433171587117,2.4281600197497584,0.6080900492768978,2.182312391553231,0
1.2601123898298672,0.386900692355583,2.0575885681772736,2.2982985400331013,1
2.1073312986966215,1.6363494778690701,1.3562704864503616,2.362571828725983,0
1.897837415653224,2.369017937124775,0.7783194805729705,2.58420326768269,0
1.8812310550745706,2.1679158011591158,0.5349240365554103,1.941481807116309,0
1.5130093637280866,2.0028038733474434,0.24421151241315542,1.646710222217711,1
1.638639993082531,2.727586165814463,0.2112710401929492,0.7786494680846956,0
1.923437944239689,1.0591863476476278,1.8444634422430886,1.8395300882963554,0
1.4360401284894537,1.992454604358094,0.22890515494353614,1.5432730762813005,1
1.1907870646311225,0.6737624209476022,1.6743476921165514,2.095880529509653,1
1.3279877735865473,3.010982258876102,0.7364577432387299,0.4938473844100161,0
0.5790703634248108,0.05766531696942565,3.057861058837774,1.5222200034961209,1
2.316666594394792,2.501593382912393,0.5704088016176044,1.7017567232449033,0
1.7079290697452245,2.298526195872807,0.9560857027398045,2.3071653972821102,0
2.593877273849643,1.6319135834841874,0.9916922690550727,2.765208275004279,0
0.712940738130492,2.0947206260054414,0.6730277106796156,1.35082456698177,1
0.6907158544638354,1.9525342940562527,0.8004683617708298,2.110649102955973,1
1.7983261220574835,2.566404340150645,0.34358780144888823,1.8890348035429172,0
0.7795474231253646,0.8615498472123492,2.139574344968567,2.3019921116899855,1
1.763183166355427,1.683911812250412,1.0130210218155675,2.580138339246691,0
2.3880082444114095,2.017095153885095,0.7460827489260803,2.3947084730724235,0
1.3677252312331478,1.6503964966035327,0.6820734837412368,2.572382695744417,1
2.2044094093098967,2.3571799930794204,0.652271423808568,2.244000465745355,0
2.396458684378446,2.439247671566887,0.6046119468280099,2.578661481902059,0
1.735086019848406,2.1040933241580517,0.07559797774119624,1.1864563433645077,1
2.269090390827026,2.687653946112174,0.22332936424726466,2.0489753117168923,0
1.5424975478060887,2.0262177546282967,0.3003348231350925,1.648195649334169,1
0.8961317772014239,0.8499620005764029,2.141888568776971,2.187114320366242,1
2.3803507411705023,1.1737785987587006,1.2532942937126672,2.5450479802109864,0
1.687423726007517,1.8009752639544536,0.5191440075460593,2.2820473960609324,1
2.1892756455083404,2.3300741976596733,0.7242824899814636,1.9917006700150133,0
1.8054331006571063,2.7635644645680024,0.6257160439439465,1.9640203070179458,0
2.4939899016923666,2.851289108268289,0.1587476331729738,1.126239413335799,0
2.048676636298075,1.8623324950627729,1.0739081148799503,2.577184624557427,0
0.5760118931954545,2.0486431556719618,0.791538976573257,2.108449528187372,1
2.452485327913249,2.837498022549455,0.18936034811221228,1.3744771372207505,0
1.5576177184066253,2.3426386151323593,0.7828423671037811,2.2417837514331027,0
2.329761378043444,1.6890876376851316,0.9050645111744071,2.7832904935565423,0
1.5458233509888257,1.3778342660354745,0.7024819603673957,2.6030424827462255,1
1.6814653728940303,1.7248206027894406,0.8178629340570381,2.3149210407843848,0
2.0388215655590383,1.0310920719906935,1.8809902846926927,2.033464024712343,0
1.7287062775033186,2.923257615175815,0.5274941601179028,1.2056526322541148,0
2.4510353864711836,2.804961540525401,0.18657245276407647,1.4328372833538867,0
2.5938093078445466,2.9392757587784333,0.09589818658684512,1.1772295556988184,0
1.630352671527727,1.6543395799978757,0.487719284252995,2.6119064834046264,1
1.2329033324561116,0.4990396069743587,1.988134786980027,2.4652611192410694,1
2.4709041152944837,2.081667923114386,0.8106726000839094,2.5424627657102286,0
1.0892911636865545,0.8028960500057358,1.7295371932315886,2.617076912406142,1
1.1743846020677593,2.5794689524421486,0.49015530931447276,1.9167151665399849,0
2.489390868680816,2.4562542954066924,0.5063954763909919,2.282415896249438,0
1.9991067632474695,2.4641383185032972,0.5429223188405959,1.9917006700150133,0
1.8563554972091387,1.8054055609211257,1.4289723010629123,2.317506255285143,0
2.1749574737679462,1.9525342940562527,0.9659380707662262,2.55686855214926,0
0.9955207319879907,2.8475971941293956,0.5352623733695044,0.8791157597881909,0
1.2538142066908964,0.7686327049167152,1.7842800897520215,2.792917203907432,1
2.4569257735795738,1.7373897840223054,1.0001506894074264,2.73452849186821,0
0.9361864095384765,0.4408740951861153,1.8543158102695099,1.8720380894219109,1
1.0471975511965976,1.611213259095421,0.8103247898390205,2.561301980773764,1
1.7221430269444706,1.6033268541187267,0.7401686214157145,2.569426124464544,1
2.3099832705602728,1.0244466265406857,1.6084802811487027,2.6059961974354895,0
1.7246826900015877,1.6373401017983384,0.8834921559077643,2.2813018259120947,0
0.991669325032505,0.11434215370166369,2.4299349988241645,1.896776164092149,1
1.3084362194536985,1.9759362659366577,0.387070848796268,1.903060663431008,1
1.2079824639206151,0.5934216055251019,1.7944843280651008,2.311967326095121,1
0.9198066023101457,2.1403217203209994,0.6355724720121371,1.3094611349696401,1
2.4993365607599825,1.317953800582713,1.039465427205166,2.688368844224286,0
2.2025516718372504,2.013641427755163,0.7615054942597478,2.6089499121247535,0
0.4558253408492643,2.5338797675270386,0.6972634533468076,0.29845658678365605,1
2.114059933201205,2.08487155183491,0.8008161720157186,2.3282184700672897,0
1.5938499652723686,2.747046126146566,0.6595767922984888,1.8808935203084858,0
0.7150703396235253,0.11040014215336144,2.4470954420350197,1.5462439305142157,1
1.827288702362737,2.462161358028922,0.4438843666189572,1.6670205814446617,0
2.5805332815156365,2.9631779254776562,0.16245580465544568,1.2267057050392944,0
1.668914317286153,2.839212976213973,0.5532348249341855,1.2625559171768792,0
1.2043122996453872,0.9229070783206683,1.4248039915132722,2.5262087651474507,1
2.4675511257097082,2.8066884035903668,0.15364551401643406,1.168345558906158,0
2.0003754620092766,2.2095629745259235,0.020286675373085136,1.517420931273719,1
1.2505518384462495,2.93137982628138,1.0919888342251414,1.2714113480634541,0
2.921178899060842,2.282269864261228,0.3900888131779878,2.4242593315999845,0
2.55731156310756,1.7829801598774602,0.8055704809273696,2.712378488289339,0
1.8690877954972742,2.12553024496453,0.07072592761824059,1.695472223906044,1
1.9070128263412938,2.697765027092563,0.45641636221300447,2.2883261822185745,0
2.2805539903533547,1.2427816649546635,1.065436161055033,2.2853724675293106,0
0.9386331857219617,1.5683322718421961,1.0678721861165106,2.835394706256905,1
1.4389128249715455,1.580654928485787,0.6674613934141387,2.577553124745933,1
1.732999463491934,2.1112389644268776,0.0695755824503204,1.1606041983569264,1
1.1994187472784172,0.9468092450198913,1.509794199213722,2.7880895657789444,1
1.902753623355227,2.1447520172876717,1.004210731176556,2.533595908461219,0
1.4520076086201974,1.0296153063351363,1.332844045442483,2.8645604963704305,1
1.2426224711849554,0.46354959363918957,1.8127951164438763,2.13318760285761,1
2.094599000408486,2.354226461768306,0.7871324779064951,2.6846752725674023,0
1.0082077196060617,1.5146137301812521,1.2425081160793459,2.663990699970729,1
2.3808038478711477,1.1552952092633375,1.2957352636726371,2.882299924049666,0
0.9930059897994088,1.4490524807147735,0.9000841932709414,2.488901691799494,1
2.654888091091545,1.2366245049230251,1.1876569517784026,2.863817782812202,0
2.927137252174329,2.347819204327258,0.329093452333095,2.2680101098104073,0
2.394170495540187,1.7930793314574007,0.9762641103323796,2.9558000004082365,0
1.1970852477700933,1.9665754771844957,0.3726847674609849,1.8037084420648564,1
2.8970962779215395,2.8527658739238464,0.06772149670908448,1.2030817007063996,0
0.7360944905334714,0.12666838316538856,2.4470954420350197,1.6348839370982209,1
0.5456084335821487,0.1217378913798987,2.977729367787716,1.5229627170543498,1
1.3043809144829221,2.02990966876719,0.4762428995189214,1.5103937183766307,1
1.7642411705014336,2.073283705198964,0.11932462759472383,1.258842349385735,1
1.8443255143070032,1.716442339574242,1.525912565037167,2.2753972531241753,0
2.1374402389545075,2.807176689008737,0.30450313268473245,1.6356266506564499,0
0.5231116858951049,0.9044236888253051,2.256584748754887,2.135044386753182,1
0.9742247170576573,2.9984178414034166,1.059061895477499,0.8480931857790933,0
1.3924897779569219,1.9978733815619536,0.22728113823588428,1.4575753580241246,1
2.1981791921760228,2.017595348703913,0.9809060914217511,2.495180477957136,0
1.7797260919959899,2.730789794534987,0.424531500852772,1.2474159869514452,0
2.1052470078736527,2.066138064930138,0.7631295109673998,2.522883693679072,0
2.4871706458476535,2.8505507254405105,0.19794056971763982,1.2943212047442056,0
2.211772393195384,2.7219172912011946,0.2672860831343762,2.165321390613442,0
2.4618419812815757,1.270137557783819,1.0474637094903518,2.590482053840332,0
1.2504159064360558,0.8686954874811751,1.4944878417441025,2.691322558913551,1
1.4270278362136168,1.6011093237553011,0.657489930829156,2.508477907240041,1
2.460777180535059,2.7115561128113974,0.12222079072336972,1.2898934893009182,0
1.3963298572448917,1.3768457857982872,0.7083959525430357,2.470432405219768,1
